id,ชื่อ,ย่าน,คำอธิบาย,เวลา,ที่จอด,Google Maps,วันที่ตรวจแหล่งข้อมูล
LPL-001,วัดพระบรมธาตุทุ่งยั้ง,ทุ่งยั้ง,แวะไหว้พระ ชมพระบรมธาตุและวิหารในย่านเมืองเก่าทุ่งยั้ง,Google Maps ระบุเปิด 24 ชั่วโมง; ยังไม่มีเวลาเปิดวิหารแยก แนะนำแวะช่วงกลางวัน,Google Maps ระบุว่ามีที่จอดรถรองรับเก้าอี้รถเข็น ยังไม่มีหมุดช่องจอดแยก,https://www.google.com/maps?cid=5399109435857130104,2026-09-20
LPL-002,วัดพระแท่นศิลาอาสน์,ทุ่งยั้ง,สักการะพระแท่นศิลาอาสน์บนเนินเขาเต่า,เวลาใน Google Maps ต่างกันตามวัน (จันทร์/พุธ 09:00–17:00 น.; วันอื่น 24 ชั่วโมง) สอบถามเวลาเข้าวิหารที่ 081-040-0064,Google Maps ระบุว่ามีที่จอดรถรองรับเก้าอี้รถเข็น ยังไม่มีหมุดช่องจอดแยก,https://www.google.com/maps?cid=3689599784140879003,2026-09-20
LPL-003,ซุ้มประตูเมืองลับแล,ประตูเมือง,ถ่ายรูปซุ้มประตูเมือง และอ่านตำนานเมืองลับแลจากประติมากรรมข้างประตู,จุดชมกลางแจ้ง; ยังไม่พบประกาศเวลาเปิดปิดเฉพาะ เสนอแวะช่วงกลางวัน ไม่ตีความว่าเปิด 24 ชั่วโมง,Google Maps ระบุว่ามีที่จอดรถรองรับเก้าอี้รถเข็น ยังไม่มีหมุดช่องจอดแยก,https://www.google.com/maps?cid=12937618454702157675,2026-09-20
LPL-004,พิพิธภัณฑ์เมืองลับแล,ประตูเมือง,ชมเรือนจัดแสดงและเรื่องวิถีชีวิตของคนลับแล,ทุกวัน 09:00–16:00 น. ตามสำนักงานพัฒนาชุมชน (10 ต.ค. 2568); Google Maps ระบุ 08:30–17:00 น. โทรสอบถาม 055-431-076,Google Maps ระบุว่ามีที่จอดรถรองรับเก้าอี้รถเข็น ยังไม่มีหมุดช่องจอดแยก,https://www.google.com/maps?cid=15962490699850587549,2026-09-20
LPL-005,อนุสาวรีย์พระศรีพนมมาศ,ประตูเมือง,ชมอนุสาวรีย์พระศรีพนมมาศในย่านเมืองลับแล,จุดชมกลางแจ้ง; ยังไม่พบประกาศเวลาเปิดปิดเฉพาะ เสนอแวะช่วงกลางวัน ไม่ตีความว่าเปิด 24 ชั่วโมง,Google Maps ระบุว่ามีที่จอดรถรองรับเก้าอี้รถเข็น ยังไม่มีหมุดช่องจอดแยก,"https://www.google.com/maps?q=17.65272,100.03967",2026-09-20
LPL-006,ตลาดกลางผลไม้เทศบาลตำบลหัวดง (OTOP),ดอนสัก–ฝายหลวง–แม่พูล,แวะดูผลไม้ตามฤดูกาลที่ตลาด OTOP หัวดง,Google Maps ระบุทุกวัน 07:00–19:00 น.; ผลไม้มีตามฤดูกาล โทรเทศบาลหัวดง 055-427-222,Google Maps ระบุว่ามีที่จอดรถรองรับเก้าอี้รถเข็น ยังไม่มีหมุดช่องจอดแยก,https://www.google.com/maps?cid=9303204444403564289,2026-09-20
LPL-007,น้ำตกแม่พูล,ดอนสัก–ฝายหลวง–แม่พูล,แวะพักชมน้ำตกและบริเวณร่มรื่นรอบน้ำตก,Google Maps ระบุเปิด 24 ชั่วโมง แต่ยังไม่พบเวลาบริการจากผู้ดูแล แผนเที่ยวนี้จัดให้แวะกลางวัน,แหล่งท่องเที่ยวระบุว่ามีลานจอด แต่ยังไม่ยืนยันหมุดลานจอด,https://www.google.com/maps?cid=15881498408337892886,2026-09-20
LPL-008,ลำลำลับแล บ้าน 100 ปี,ประตูเมือง,แวะกินข้าวใต้ถุนบ้านไม้ร้อยปีที่ลำลำลับแล,ทุกวัน 10:00–20:00 น. ตามเว็บไซต์ร้าน มื้อเย็นโทรจอง 095-628-3125,จอดรถที่ร้านตามหมุด Google Maps เจ้าของยืนยัน 20 ก.ย. 2569,https://maps.app.goo.gl/PcogZoYFxaPPAV2J8?g_st=ic,2026-09-20
LPL-009,วัดดอนสัก,ดอนสัก–ฝายหลวง–แม่พูล,ชมบานประตูไม้แกะสลักของวิหารวัดดอนสัก,Google Maps ระบุทุกวัน 06:00–20:30 น.; เวลาเข้าวิหารต้องสอบถามวัดอีกครั้ง,Google Maps ระบุว่ามีที่จอดรถรองรับเก้าอี้รถเข็น ยังไม่มีหมุดช่องจอดแยก,https://www.google.com/maps?cid=11810062068744114034,2026-09-20
LPL-010,พิพิธภัณฑ์ผ้าซิ่นตีนจก ไท-ยวน (ครูโจ),ดอนสัก–ฝายหลวง–แม่พูล,ดูผ้าซิ่นตีนจก ผ้าเก่า และกี่ทอผ้าที่พิพิธภัณฑ์ของครูโจ,Museum Thailand ระบุทุกวัน 09:00–17:00 น.; Google Maps ระบุ 08:00–16:30 น. ควรนัดชมที่ 087-198-7353,Google Maps ระบุว่ามีที่จอดรถรองรับเก้าอี้รถเข็น ยังไม่มีหมุดช่องจอดแยก,https://www.google.com/maps?cid=186234863704793475,2026-09-20
LPL-011,ม่อนจำศีล,ดอนสัก–ฝายหลวง–แม่พูล,แวะบริเวณเนินพระเหลือที่ม่อนจำศีล,"เวลาเผยแพร่ยังต่างกัน: Tourism Directory 05:00–21:00 น. (หน้าระบุไม่เป็นข้อมูลทางการ), Google Maps 08:00–15:30 น.; เสนอแวะช่วงเช้า 09:00–11:00 น. ซึ่งเป็นช่วงวางแผน ไม่ใช่เวลาที่ผู้ดูแลยืนยัน",ยังไม่มีข้อมูลจุดจอดที่ยืนยันได้,"https://www.google.com/maps?q=17.662752,100.033554",2026-09-20
LPL-012,วัดท้องลับแล,ดอนสัก–ฝายหลวง–แม่พูล,ชมวัดและภาพหัวกลับในโบสถ์เมื่อสภาพแสงและการเปิดอาคารเอื้ออำนวย,เวลาเปิดโบสถ์ยังไม่ยืนยัน ภาพหัวกลับขึ้นกับแสงและการเปิดอาคาร,Google Maps ระบุว่ามีที่จอดรถรองรับเก้าอี้รถเข็น ยังไม่มีหมุดช่องจอดแยก,https://www.google.com/maps?cid=830595120546718226,2026-09-20
LPL-013,อนุสาวรีย์เจ้าฟ้าฮ่ามกุมาร,ดอนสัก–ฝายหลวง–แม่พูล,ชมอนุสาวรีย์และอ่านเรื่องเจ้าฟ้าฮ่ามกุมารในตำนานเมืองลับแล,จุดชมกลางแจ้ง; ยังไม่พบประกาศเวลาเปิดปิดเฉพาะ เสนอแวะช่วงกลางวัน ไม่ตีความว่าเปิด 24 ชั่วโมง,Google Maps ระบุว่ามีที่จอดรถรองรับเก้าอี้รถเข็น ยังไม่มีหมุดช่องจอดแยก,https://www.google.com/maps?cid=12842093937502134260,2026-09-20
LPL-014,วัดเจดีย์คีรีวิหาร,ดอนสัก–ฝายหลวง–แม่พูล,แวะชมวัดเจดีย์คีรีวิหารในตำบลฝายหลวง,ยังไม่พบเวลาเปิดปัจจุบันที่ยืนยันได้ กรุณาสอบถามสถานที่ก่อนเดินทาง,Google Maps ระบุว่ามีที่จอดรถรองรับเก้าอี้รถเข็น ยังไม่มีหมุดช่องจอดแยก,https://www.google.com/maps?cid=18352636625273592975,2026-09-20
LPL-015,เวียงเจ้าเงาะ,ทุ่งยั้ง,รู้จักร่องรอยเมืองเก่าและศิลาแลงของเวียงเจ้าเงาะ ต้องตรวจจุดเข้าชมก่อนเดินทาง,ยังไม่ยืนยันการเปิดให้เข้าชมหรือทางเข้าที่เป็นสาธารณะ,ยังไม่มีข้อมูลจุดจอดที่ยืนยันได้,"https://www.google.com/maps/search/?api=1&query=17.6015166,100.0507263",2026-09-20
LPL-016,วัดพระยืนพุทธบาทยุคล,ทุ่งยั้ง,สักการะรอยพระพุทธบาทคู่ในมณฑปของวัดพระยืน,ยังไม่พบเวลาเปิดปัจจุบันที่ยืนยันได้ กรุณาสอบถามสถานที่ก่อนเดินทาง,Google Maps ระบุว่ามีที่จอดรถรองรับเก้าอี้รถเข็น ยังไม่มีหมุดช่องจอดแยก,https://www.google.com/maps?cid=2158787993490202490,2026-09-20
LPL-017,ฝายหลวง,ดอนสัก–ฝายหลวง–แม่พูล,ฝายกั้นน้ำในย่านฝายหลวง แวะดูได้ตลอด 24 ชั่วโมง,ดูได้ตลอด 24 ชั่วโมง ตามเจ้าของยืนยัน 20 ก.ย. 2569,มีพื้นที่จอดรถบริเวณฝายมาก ไม่ต้องระบุช่องจอดตายตัว ตามเจ้าของยืนยัน 20 ก.ย. 2569,,
LPL-018,ตลาดสดเทศบาลศรีพนมมาศ,ประตูเมือง,เดินตลาดเช้าศรีพนมมาศ ดูของกินและวัตถุดิบในตลาด,ทะเบียนกรมการค้าภายใน 31 ส.ค. 2568 ระบุทุกวัน 04:00–09:00 น. ยังต้องทวนเวลาปัจจุบันกับตลาด,ยังไม่มีข้อมูลจุดจอดที่ยืนยันได้,"https://www.google.com/maps?q=17.652989,100.039286",2026-09-20
LPL-019,ม่อนอารักษ์ (วัดม่อนพัฒนาราม),ดอนสัก–ฝายหลวง–แม่พูล,แวะไหว้พระและชมวิวจากวัดม่อนพัฒนาราม หรือม่อนอารักษ์ ใกล้อนุสาวรีย์เจ้าฟ้าฮ่ามกุมาร,ยังไม่มีเวลาทำการใน Google Maps; สอบถามวัด 061-356-7511 ก่อนขึ้นชม,Google Maps ระบุมีที่จอดรถรองรับเก้าอี้รถเข็น ยังไม่ยืนยันปากทางขึ้นและช่องจอด,https://www.google.com/maps?cid=738691031292581868,2026-09-20
